Game Title,Description,Cost,Publisher,Publisher Year,Campaign,Developer,Rating,Achievements,Genre,Multiplayer,Franchise
Borderlands 2,The Ultimate Vault Hunter?s Upgrade lets you get the most out of the Borderlands 2 experience.,21.99,Aspyr,2012,30,Gearbox Software,89,69/75,FPS,Y,Borderlands
Payday 2,"PAYDAY 2 is an action-packed, four-player co-op shooter that once again lets gamers don the masks of the original PAYDAY crew",11.49,Starbreeze,2013,1,OVERKILL,79,526/1130,FPS,Y,PAYDAY
Destiny 2,"Destiny 2 is an online-only multiplayer first-person shooter video game developed by Bungie. It was released for PlayStation 4 and Xbox One on September 6, 2017, followed by a Microsoft Windows version the following month",19.99,Bungie,2013,80,Bungie,87,432/945,FPS,Y,Destiny
CSGO,Counter-Strike: Global Offensive is a multiplayer first-person shooter video game developed by Hidden Path Entertainment and Valve Corporation.,4.99,Valve,2012,24,Valve,94,167/167,FPS,Y,Counter Strike
Dota 2,"Every day, millions of players worldwide enter battle as one of over a hundred Dota heroes. And no matter if it's their 10th hour of play or 1,000th, there's always something new to discover. With regular updates that ensure a constant evolution of gameplay, features, and heroes, Dota 2 has taken on a life of its own.",0,Valve,2013,1,Valve,85,0/983,MMRPG,Y,Dota
Fortnite,Fortnite is an online video game developed by Epic Games and released in 2017. It is available in three distinct game mode versions that otherwise share the same general gameplay,0,Epic Games,2017,0,Epic games,40,0/540,FPS,Y,Fortnite
Tetris,"Tetris is a tile-matching puzzle video game originally designed and programmed by Soviet Russian game designer Alexey Leonidovich Pajitnov. The first playable version was completed on June 6, 1984, while he was working for the Dorodnitsyn Computing Centre of the Academy of Science of the Soviet Union in Moscow.",4.99,Alexey Pajitnov,1984,0,Sega,93,0/30,Arcade,N,Tetris
Garrys Mod,Garry's Mod is a physics sandbox. There aren't any predefined aims or goals. We give you the tools and leave you to play.,10.99,Valve,2006,0,Facepunch ,100,0/10,Sandbox,Y,Garry's Mod
Overwatch,"Overwatch is a team-based multiplayer first-person shooter developed and published by Blizzard Entertainment and released on May 24, 2016, for PlayStation 4, Xbox One, and Windows.",59.99,Bungie,2015,1,Bungie,93,0/140,FPS,Y,Overwatch
World of Warcraft,World of Warcraft is a massively multiplayer online role-playing game released in 2004 by Blizzard Entertainment. It is the fourth released game set in the Warcraft fantasy universe,19.99,Bungie,2004,0,Bungie,88,130/800,RPG,Y,WoW
Rim World,"A sci-fi colony sim driven by an intelligent AI storyteller. Inspired by Dwarf Fortress and Firefly. Generates stories by simulating psychology, ecology, gunplay, melee combat, climate, biomes, diplomacy, interpersonal relationships, art, medicine, trade, and more.",39.99,Ludeon Studiers,2018,0,Ludeon Studies,86,44/70,Surivial,N,RimWorld
Astroneer,,,,,,,,,,,
Shellshock,,,,,,,,,,,
Spintires,,,,,,,,,,,
Cities: Skylines,,,,,,,,,,,
HELLDIVERS,,,,,,,,,,,
Stick Fight,,,,,,,,,,,
DOOM,,,,,,,,,,,
SIX SIEGE,,,,,,,,,,,
Verdun,,,,,,,,,,,
The Witcher 3,,,,,,,,,,,
Stellaris,,,,,,,,,,,
Rocket League,,,,,,,,,,,
Battlerite,,,,,,,,,,,
GTA V,,,,,,,,,,,
Gang Beasts,,,,,,,,,,,
Golf With Your Friends,,,,,,,,,,,
Move or Die,,,,,,,,,,,
Windward,,,,,,,,,,,
ABZU,,,,,,,,,,,
Blackwake,,,,,,,,,,,
Dishonored,,,,,,,,,,,
Elite Dangerous,,,,,,,,,,,
Far Cry 3,,,,,,,,,,,
Hitman Absolution,,,,,,,,,,,
Tower Unite,,,,,,,,,,,
Killing Floor 2,,,,,,,,,,,
Mad Max,,,,,,,,,,,
Tomb Raider,,,,,,,,,,,
Watch_Dogs,,,,,,,,,,,
Bully: Scholarship edition,,,,,,,,,,,
Wolfenstein,,,,,,,,,,,
Alien: Isolation,,,,,,,,,,,
Subnautica,,,,,,,,,,,
Total War: WARHAMMER,,,,,,,,,,,
The Ship: Remastered,,,,,,,,,,,
MSGV,,,,,,,,,,,
Poly Bridge,,,,,,,,,,,
Slime Rancher,,,,,,,,,,,
Spore,,,,,,,,,,,
Stardew Valley,,,,,,,,,,,
Shoppe Keep,,,,,,,,,,,
Tropico 4,,,,,,,,,,,
Space Engineer,,,,,,,,,,,
Project Highrise,,,,,,,,,,,
Cobalt,,,,,,,,,,,
Crawl,,,,,,,,,,,
More of Die,,,,,,,,,,,
Miner Meltdown,,,,,,,,,,,
Tabletop Simulator,,,,,,,,,,,
XCOM: Enemy Unknown,,,,,,,,,,,
Poker Night 2,,,,,,,,,,,
Mass Effect 2,,,,,,,,,,,
Bioshock Infinite,,,,,,,,,,,
Sonic Adventure 2,,,,,,,,,,,
Counter Strike Source,,,,,,,,,,,
Unturned,,,,,,,,,,,
Prison Architect,,,,,,,,,,,
